model_name,train_examples,val_examples,epochs_performed,learning_rate,optimizer,batch_size,val_loss,val_accuracy,test1_loss,test1_accuracy,test2_loss,test2_accuracy,test1_f1_score,test1_ROC,test2_f1_score,test2_ROC
MODEL1_BASELINE,6474,1294,25,0.0001,Adam,32,0.08692227303981781,0.9721792936325073,0.8324359655380249,0.7709923386573792,0.09914302825927734,0.9649999737739563,0.716510,0.966050,0.964818,0.99593
MODEL2_BASELINE,13151,3286,25,0.0001,Adam,32,0.08169762790203094,0.9744369983673096,0.9123318791389465,0.7633587718009949,0.06827779114246368,0.9775000214576721,0.701382,0.95734,0.977309,0.996211
MODEL3_BASELINE,16437,3286,25,0.0001,Adam,32,0.04837512969970703,0.9856969118118286,0.8035969138145447,0.7709923386573792,0.06566710770130157,0.9787499904632568,0.724929,0.967337,0.978626,0.996771
MODEL2_IMPROVED,13151,3286,30,0.00001,RMSprop,32,0.07440371066331863,0.9875228404998779,1.6623209714889526,0.7557252049446106,0.0863330140709877,0.9762499928474426,0.705492,0.968055,0.976119,0.998572