{"loss": [0.6931543350219727, 0.2464263141155243, 0.1808597445487976, 0.15099330246448517, 0.1322387456893921, 0.12100748717784882, 0.11171981692314148, 0.10453994572162628, 0.09768984466791153, 0.09486732631921768, 0.09023158252239227, 0.08617106825113297, 0.081162229180336, 0.0787261426448822, 0.07617249339818954, 0.07355279475450516, 0.07103192806243896, 0.06694578379392624, 0.06760934740304947, 0.06391676515340805, 0.06248312443494797, 0.06012335047125816, 0.06015534698963165, 0.05903208255767822, 0.05781649053096771], "accuracy": [0.7664816379547119, 0.9319443106651306, 0.9479126930236816, 0.9558969140052795, 0.9608394503593445, 0.9621321558952332, 0.96524977684021, 0.9672268033027649, 0.9700403213500977, 0.9695080518722534, 0.9717131853103638, 0.972929835319519, 0.9735381603240967, 0.9746787548065186, 0.9760474562644958, 0.9770359396934509, 0.9771880507469177, 0.9802296161651611, 0.9788609147071838, 0.98053377866745, 0.9809139966964722, 0.9816743731498718, 0.98053377866745, 0.9815223217010498, 0.9816743731498718], "val_loss": [0.2817659080028534, 0.18471629917621613, 0.15273748338222504, 0.1366477906703949, 0.12603457272052765, 0.11880028247833252, 0.1122138649225235, 0.10756722837686539, 0.10407646745443344, 0.10091666132211685, 0.09824749827384949, 0.09603644907474518, 0.09365079551935196, 0.09160162508487701, 0.09035339951515198, 0.08897796273231506, 0.08879288285970688, 0.08643583208322525, 0.08637296408414841, 0.08583969622850418, 0.08397570252418518, 0.08387723565101624, 0.0827343612909317, 0.08161021023988724, 0.08163831382989883], "val_accuracy": [0.9385271072387695, 0.9537431597709656, 0.9604382514953613, 0.9631771445274353, 0.9656116962432861, 0.9671332836151123, 0.9692635536193848, 0.9695678353309631, 0.9692635536193848, 0.9689592123031616, 0.9695678353309631, 0.9698721766471863, 0.9704807996749878, 0.9710894823074341, 0.9704807996749878, 0.9713937640190125, 0.9713937640190125, 0.9726110696792603, 0.9726110696792603, 0.9735240340232849, 0.9735240340232849, 0.9735240340232849, 0.9732196927070618, 0.9744369983673096, 0.9744369983673096]}