{"loss": [0.009230251424014568, 0.006589607801288366, 0.00558284018188715, 0.00315316254273057, 0.002725221449509263, 0.0015903812600299716], "accuracy": [0.9972625374794006, 0.9977948665618896, 0.9982510805130005, 0.9990875124931335, 0.999315619468689, 0.9996197819709778], "f1score_m": [0.891867995262146, 0.8911416530609131, 0.8898970484733582, 0.8837096095085144, 0.8865450024604797, 0.8837974667549133], "precision_m": [0.7983598709106445, 0.7998113036155701, 0.7992950081825256, 0.7941446304321289, 0.7964314818382263, 0.7956233620643616], "recall_m": [1.015249252319336, 1.0111875534057617, 1.0087722539901733, 1.0019431114196777, 1.0047128200531006, 0.9996110796928406], "val_loss": [0.06497678905725479, 0.06406810134649277, 0.06369497627019882, 0.06822286546230316, 0.07170157134532928, 0.07440368831157684], "val_accuracy": [0.9835666418075562, 0.9866098761558533, 0.9863055348396301, 0.9866098761558533, 0.9863055348396301, 0.9875228404998779], "val_f1score_m": [0.8697439432144165, 0.8855618238449097, 0.8774973154067993, 0.8837340474128723, 0.8768355846405029, 0.872864305973053], "val_precision_m": [0.7820516228675842, 0.7982280850410461, 0.7902045249938965, 0.7971264123916626, 0.7925977110862732, 0.7871224284172058], "val_recall_m": [0.9865699410438538, 1.0003314018249512, 0.992773711681366, 0.996256411075592, 0.9870636463165283, 0.9859647154808044]}